tag,count
oracle-database,152758
sql,69761
plsql,22721
oracle11g,12287
java,10796
database,8740
c#,5025
oracle-sqldeveloper,4758
oracle10g,4381
stored-procedures,3976
jdbc,3737
oracle-apex,3584
oracle12c,2763
sql-server,2725
sqlplus,2565
triggers,2529
hibernate,2522
mysql,2373
php,2331
join,2118
date,2060
python,1993
select,1805
regex,1701
performance,1693
xml,1580
.net,1503
spring,1346
group-by,1342
asp.net,1170
jpa,1127
sql-update,1032
plsqldeveloper,1030
function,979
postgresql,968
odp.net,933
indexing,924
entity-framework,900
pivot,899
subquery,894
oracleforms,845
cx-oracle,820
json,807
oracle19c,800
spring-boot,799
datetime,796
cursor,796
toad,772
sql-loader,757
clob,749
case,738
procedure,734
query-optimization,725
linux,690
count,684
view,675
ddl,666
insert,659
excel,654
odbc,637
string,610
timestamp,593
database-administration,580
blob,567
vb.net,565
javascript,543
constraints,534
greatest-n-per-group,533
sql-insert,521
database-design,518
database-trigger,517
node.js,502
ssis,492
csv,473
where-clause,462
shell,453
exception,450
oracle-call-interface,449
transactions,435
database-connection,433
weblogic,426
sequence,421
sql-order-by,419
dynamic-sql,419
materialized-views,415
aggregate-functions,410
oracle9i,401
foreign-keys,400
c++,382
merge,377
unix,372
docker,365
ojdbc,359
window-functions,358
vba,351
left-join,338
sum,336
arrays,332
windows,331
r,328
