token,count
database,87
have,84
not,66
sql,64
from,62
what,60
how,60
can,58
are,54
but,53
there,52
table,52
would,50
you,47
use,46
some,43
any,43
using,43
server,39
application,38
way,37
other,33
like,32
one,31
know,30
when,30
which,30
select,29
get,28
query,26
data,26
where,26
will,26
into,24
28-aug-2008,24
need,23
has,23
our,22
all,21
following,20
error,20
create,20
anyone,20
don,19
just,19
name,19
was,19
values,19
work,18
java,18
however,17
want,17
only,17
database.,16
out,16
something,16
stored,16
used,16
performance,16
does,16
then,15
number,15
user,15
run,14
tables,14
they,14
best,14
code,14
such,14
results,14
parameter,14
more,14
each,13
being,13
now,13
update,13
doesn,13
really,13
client,13
doing,13
help,13
insert,13
log,13
see,12
schema,12
been,12
question,12
same,12
these,12
about,11
over,11
function,11
file,11
mysql,11
two,11
running,11
null,11
connect,11
procedures,11
note,11
version,10
new,10
trying,10
issue,10
find,10
because,10
good,10
many,10
pl/sql,10
much,10
simple,10
here,10
different,10
access,10
between,10
problem,10
information,10
transaction,10
binding,10
make,9
write,9
result,9
currently,9
able,9
both,9
every,9
string,9
it.,9
found,9
change,9
answer,9
before,9
possible,9
job,9
part,9
statement,9
message,9
cannot,9
column,9
changes,8
databases,8
set,8
your,8
2005,8
case,8
index,8
works,8
existing,8
might,8
feature,8
size,8
uses,8
example,8
web,8
environment,8
testing,8
10g,8
why,8
password,8
back,8
could,8
tool,8
command,8
system,7
columns,7
quotes,7
backup,7
edit,7
against,7
view,7
solution,7
seems,7
available,7
tried,7
developer,7
connection,7
rows,7
its,7
return,7
correct,7
team,7
going,7
someone,7
lot,7
oracle.,7
tools,7
should,7
source,7
point,7
looking,7
100,7
parts,7
provider,7
entity,7
big,6
specific,6
several,6
people,6
another,6
most,6
