tag,count
oracle-database,100
sql,36
database,18
java,11
sql-server,9
plsql,6
mysql,5
c#,5
.net,4
stored-procedures,4
python,3
performance,3
cx-oracle,2
security,2
sql-server-2005,2
backup,2
session,2
oracle9i,2
indexing,2
database-administration,2
database-design,2
transactions,2
passwords,2
hibernate,2
version-control,1
replication,1
db2,1
macos,1
connection,1
tnsnames,1
tns,1
c,1
oracle-pro-c,1
foreign-keys,1
postgresql,1
web-applications,1
ibm-midrange,1
boolean,1
sqldatatypes,1
commit,1
windows,1
nhibernate,1
visual-studio,1
sqlite,1
linq,1
web-services,1
table-statistics,1
hierarchy,1
testing,1
black-box,1
olap,1
cubes,1
perl,1
messaging,1
advanced-queuing,1
sql-insert,1
service,1
administration,1
sid,1
ms-access,1
ora-00932,1
coalesce,1
t-sql,1
podcast,1
sybase,1
datediff,1
c++,1
jta,1
ingres,1
distributed-transactions,1
dblink,1
sql-server-ce,1
ora-00942,1
sqlcompare,1
aggregate,1
linux,1
authentication,1
sysdba,1
apache,1
ssl,1
sequence,1
jboss,1
sqlplus,1
kill,1
alias,1
quotes,1
64-bit,1
join,1
ssis,1
duplicate-data,1
ddl,1
exception,1
unicode,1
oracle-dump,1
binaryfiles,1
jpa,1
toplink,1
audit,1
lisp,1
clojure,1
